difficulty,avg_total_cooking_time
hard,63.78947368421053
medium,24.27986348122867
easy,3.249516441005803
